User,Events,Usage
16454810,2006570293,PublicTest
50521271,1927775201,PublicTest
75001773,1892018889,PublicTest
80365330,218221722,PublicTest
96920130,1241270051,PublicTest
97062150,2498491194,PublicTest
176349030,4224104772,PublicTest
218125888,714391510,PublicTest
223726744,4024909366,PublicTest
227195072,719337372,PublicTest
242737714,601922837,PublicTest
293229720,955398943,PublicTest
293887296,3480624055,PublicTest
352560129,695330828,PublicTest
356982085,4244463632,PublicTest
469116393,3491186803,PublicTest
483141559,3601943023,PublicTest
491840802,1801025265,PublicTest
500590864,4087098830,PublicTest
504326263,2471195693,PublicTest
532014578,2529072432,PublicTest
547476091,2227701444,PublicTest
572449222,1695480317,PublicTest
583119832,1076364848,PublicTest
609504174,127757681,PublicTest
611059554,897667289,PublicTest
648889363,1205670273,PublicTest
651367901,951253136,PublicTest
654235318,2986124911,PublicTest
670504249,1948173913,PublicTest
683588589,1502284248,PublicTest
684722612,1488068589,PublicTest
687595500,2761684874,PublicTest
693535188,952519340,PublicTest
713889887,2043455253,PublicTest
730373215,3103100779,PublicTest
802688704,235476646,PublicTest
844324358,3831661369,PublicTest
851286067,3770815990,PublicTest
885331957,2509477415,PublicTest
917166122,4209606131,PublicTest
925496510,4232519602,PublicTest
938766697,955398943,PublicTest
975501999,4125420656,PublicTest
995064362,3331390995,PublicTest
999268198,364572656,PublicTest
1013594520,97217712,PublicTest
1022813953,2286155514,PublicTest
1034249941,769820406,PublicTest
1060099431,1853435067,PublicTest
1072640827,2461534851,PublicTest
1073188652,1066708183,PublicTest
1210507520,1473914288,PublicTest
1221391751,3603111897,PublicTest
1251857185,2801788819,PublicTest
1258740073,2740270294,PublicTest
1279721997,1776797476,PublicTest
1317057097,1600413013,PublicTest
1317928829,4071751701,PublicTest
1427626481,2339839832,PublicTest
1428101175,2872892494,PublicTest
1432546106,268233790,PublicTest
1474879368,1076364848,PublicTest
1485684679,2762356638,PublicTest
1487498370,259138075,PublicTest
1515805774,753115138,PublicTest
1520424871,1034336461,PublicTest
1524520597,1205670273,PublicTest
1539795814,3981414613,PublicTest
1544786140,1283922964,PublicTest
1555282107,2311572043,PublicTest
1561107146,3982566776,PublicTest
1565310892,4232519602,PublicTest
1614557413,805963128,PublicTest
1641930443,221202458,PublicTest
1661089307,966971643,PublicTest
1683687851,1076364848,PublicTest
1684440449,910169576,PublicTest
1696780091,2815362044,PublicTest
1712635579,1034788894,PublicTest
1742267789,2823343043,PublicTest
1776705938,3355058483,PublicTest
1810026348,878192149,PublicTest
1815513076,1917405339,PublicTest
1827991074,364721213,PublicTest
1847581168,3480624055,PublicTest
1854575078,3047285147,PublicTest
1872064755,1955290741,PublicTest
1879127286,952519340,PublicTest
1882928667,2219144892,PublicTest
1964994682,645163767,PublicTest
1972874413,390341495,PublicTest
2007776821,3236979875,PublicTest
2027353775,1189547370,PublicTest
2056169186,2442660214,PublicTest
2124468398,3735036412,PublicTest
2177461994,1844176380,PublicTest
2185852179,1488068589,PublicTest
2187183134,693050209,PublicTest
2206472604,4146552769,PublicTest
2313021179,40477420,PublicTest
2317630684,2803195749,PublicTest
2337182196,2943640347,PublicTest
2361587577,1064676677,PublicTest
2384215566,3382116221,PublicTest
2386208218,18155167,PublicTest
2413089165,1146909088,PublicTest
2421584601,1076364848,PublicTest
2477144867,4105510328,PublicTest
2480681213,2498491194,PublicTest
2493825465,679668918,PublicTest
2499645933,984533875,PublicTest
2515029406,3901290120,PublicTest
2556133275,3612493798,PublicTest
2573722639,1716470668,PublicTest
2579352265,1497764698,PublicTest
2616219713,1085747802,PublicTest
2622502489,943072239,PublicTest
2637352610,3118576636,PublicTest
2650571118,2214433187,PublicTest
2668702555,3103100779,PublicTest
2675088061,2762356638,PublicTest
2678956041,3118576636,PublicTest
2686965763,1111902281,PublicTest
2689941153,1449135207,PublicTest
2723711433,1532377761,PublicTest
2726466130,2529072432,PublicTest
2754172608,1381165425,PublicTest
2815174275,2073609284,PublicTest
2818909605,3388135408,PublicTest
2825444746,952519340,PublicTest
2857166402,2153037761,PublicTest
2867397699,1076364848,PublicTest
2930631258,494693063,PublicTest
2945719859,3369927458,PublicTest
2958453070,3149756569,PublicTest
2975408825,4203627753,PublicTest
2993544760,1877217637,PublicTest
3024528036,4060350890,PublicTest
3063570853,1203717384,PublicTest
3064141535,4240012169,PublicTest
3110482182,633659090,PublicTest
3129779187,843844488,PublicTest
3156650528,821546192,PublicTest
3203593930,2498491194,PublicTest
3221545220,1814593210,PublicTest
3244428383,1568656668,PublicTest
3248992473,2324380948,PublicTest
3270633490,4244463632,PublicTest
3281890361,4034045801,PublicTest
3282478477,97217712,PublicTest
3308369328,955398943,PublicTest
3317432819,696974056,PublicTest
3329238167,1882674933,PublicTest
3336162241,2044297478,PublicTest
3353825628,2788558897,PublicTest
3384998777,1875566296,PublicTest
3387377708,16744769,PublicTest
3393069828,2007279414,PublicTest
3398074284,1341096506,PublicTest
3449620252,939563341,PublicTest
3474033611,1480770482,PublicTest
3482692814,1076364848,PublicTest
3508561523,1731351853,PublicTest
3549860217,3059491867,PublicTest
3550832930,952519340,PublicTest
3580128452,3429508261,PublicTest
3594171699,1076364848,PublicTest
3601599789,1087635781,PublicTest
3615297413,559618821,PublicTest
3637069534,2418142030,PublicTest
3682151225,1076364848,PublicTest
3697643704,955398943,PublicTest
3731356523,3509100603,PublicTest
3764872798,2569748465,PublicTest
3798708300,254046741,PublicTest
3804368962,2415873572,PublicTest
3825327054,1657604679,PublicTest
3849582471,1682999037,PublicTest
3862811674,1645469702,PublicTest
3882784583,3307793700,PublicTest
3887899389,1753679456,PublicTest
3911822363,2776357538,PublicTest
3937992703,1914791953,PublicTest
3943899827,635799819,PublicTest
3970062925,3256009463,PublicTest
4022287072,1332759137,PublicTest
4030525076,1557343462,PublicTest
4040113414,1741634425,PublicTest
4060379526,3828664529,PublicTest
4078937413,1682999037,PublicTest
4091804141,1272700922,PublicTest
4104928393,3150441220,PublicTest
4165509784,2153037761,PublicTest
4244826201,1198319209,PublicTest
4269957924,1179651886,PublicTest
4289419892,2115491671,PublicTest
